Ex-0,Ex-1,Ex-2,Ex-3,Ex-4
258.1270698598343,83.65545089461092,196.56821419469014,27.090884305189515,50.31271095312339
158.08906475963676,67.41799158089957,168.4729975640406,9.426450862655575,20.465212503049905
99.58032044098789,30.116984814842027,378.3421923349368,15.11485242704505,53.473861109628885
148.05691928434925,53.20413747652534,262.4585980649862,34.13300115928529,39.01781253035416
101.25565191656568,91.07733413716574,201.955109599037,14.5110318494524,47.35430841241365
155.9342325306552,66.42478700896488,322.6081063866265,28.03607384583543,53.150222479567894
186.1030041721988,64.86077504594869,211.14186383615262,38.217628746721765,29.341259124252726
155.8126240525263,74.3899508087644,219.72476881759331,26.89863853748052,34.86341863613168
199.63681150386373,61.79252364178924,260.47238519669645,10.254691379414131,47.30536591596698
171.0149552699789,74.13039081840424,151.09646804823174,33.82702480719963,54.715579807920044
218.99684978438233,66.28622206880641,347.089080363619,18.75464408655,57.10237335147644
215.38579830612989,84.27215123128877,140.08958194031194,13.83899012659853,23.62288855535582
160.82769884921174,70.9902393415444,299.68136504065876,31.195275926587826,31.784391045482742
444.15930257029265,36.923132222932345,123.74788779031198,23.449501001901705,16.946853751257073
114.39589961653205,61.32044952139097,224.78376711254407,9.585625372960745,61.67852614301209
313.16690418623875,68.94225356045726,318.1730063907239,45.07907253171543,44.60786331239166
118.93072575649477,150.42625108259946,279.3488282898484,17.76225876648771,18.897589714124233
91.64883909410452,50.20674005115118,381.34304029576316,39.124913787532876,20.63203631488644
279.62295334713036,74.89845752034337,589.9095127231652,13.45638094758424,39.26719561664059
210.234310231523,50.16368994483989,270.74974185969097,21.368994795361093,20.6697628466291
502.23533415011497,119.43287749060757,170.835836051189,29.315559630731414,21.41988248094886
300.3154434846648,51.13269422087793,213.1955519601794,43.68957036806564,75.53839666566522
168.66019960253809,89.46616318526895,320.22497456999304,6.663708022895403,16.336421934123145
371.38636564788396,47.42425551648187,394.24866293897105,14.354740297030652,26.633940305827863
155.87261255645097,80.86713242246094,372.035774395122,35.42925487126232,39.85132585619317
73.64857658835105,47.24611799754359,403.01765059517203,16.65556366499004,29.019315189315844
437.79160813855805,115.74399163892916,400.84898151830447,13.831963248259642,25.89646278374464
319.77735393675414,52.730196229361134,434.2486711619019,35.65992499866328,51.88268098165574
212.24081852966108,115.55428936298563,245.8080375043297,21.56693317128207,92.70210963630404
208.35360399615428,57.64555069322125,102.8768569432827,21.48642218599534,27.923642255437876
168.8643722648737,63.24994458086849,713.6392248966558,10.529821688128425,25.469791195571162
234.4051436130438,45.751367028362296,242.09161423013933,11.249199534790268,44.8981164470443
95.4226011541235,48.83761915829861,308.0934553813301,23.84743874347303,30.558569333673507
223.77306510537602,29.107862828614497,225.42381406162937,18.895087281027756,29.280263673627605
490.56436883621984,57.233829801787245,362.48294530247205,11.877475048312771,65.30582613262845
314.679365495439,124.6005083859995,243.4202839438805,32.75576060173876,56.39325255303275
294.8893446413386,26.393217209187895,278.80342926385714,45.75038495866066,38.01122146993296
325.4175226111298,87.88887130570231,227.3758474923399,23.74616471769628,20.891878856185322
200.3351680969483,91.89370948392725,607.057215160828,40.28782710057172,84.7793212373497
262.4589692649891,40.6749569108289,237.42610385277152,18.57083982729624,23.694053703389198
129.95641478911324,64.71475191840568,156.57315503437607,13.69742195442957,13.624468880284972
323.39854385653877,55.39061708701253,290.15221071025456,16.575829645868506,36.13649907195604
190.96805952425257,35.98098868432817,226.6207004427407,31.9670732702225,33.94213881679402
283.3940273287308,61.42374915584113,149.57077869057588,11.748259925152187,32.38188812511478
156.8929418860675,77.4116893958567,120.61610119857919,20.065661990519047,32.177695353393055
475.1163609087387,50.55391438794013,285.1145746909945,14.567552831018796,20.664153222933916
136.70712712521154,32.68685141566508,302.8505787307258,21.50175157181365,19.622283278608926
224.39134950523888,62.07180988564231,402.5194916495348,8.877683844202778,31.2800741326346
105.82148814068404,42.59879308459346,228.87348640692477,38.74883665565991,21.151870809744413
181.84323937054197,52.039950075036245,279.72640276951506,40.36663725635546,19.038717388344665
386.43759516036585,76.369604247528,235.80317937110743,13.12964588120105,45.194429624924844
143.36694473561508,208.21065656630168,235.83755217443291,17.12676154888339,22.780098260824555
153.78651472279108,117.00186536393512,168.90181740232467,29.016201724822494,49.476839720583
136.29056827825562,62.327322691230336,140.75968505093365,20.7636354654624,17.26850707566886
92.88390236976126,76.48879254557333,513.010455864134,18.956433608694812,31.82189036660142
296.1356231593856,139.49353131411678,219.07435211583572,10.522275046384493,19.271620626708387
71.67078567595406,65.56304728610259,259.07576030706093,7.8296786827941025,13.471325587295695
307.0979132994743,35.34078742751946,183.65006449999592,25.171298278093147,15.961636595406357
155.04178936768076,67.55286834668702,370.6400243057738,26.914443458201532,22.87769242169446
161.4948885564996,122.00954317390409,216.90181181221217,18.424478283376644,27.695022580361595
217.53608051746198,57.92791348565474,315.8488247577822,25.043532782226546,36.312635111816576
342.5236887547538,47.320508677071814,347.86738959910076,21.208617487681284,25.52532664690154
155.52871447443678,81.2938593933347,621.5814618153861,27.139030401244685,30.155298571293148
197.19590897186785,56.190023586369,210.4939508803106,20.018015439208387,34.83514719933718
83.24086345733123,72.22656426376541,140.04962569827774,43.29859655461699,19.99504960352713
125.3655407502285,58.770930003954824,206.2550363659583,14.602060774747882,45.24932152535307
309.7796813499925,82.09859033936921,194.7295815717001,31.489014788104726,26.350257427582804
308.0402710719697,40.214959972096764,268.12518471163094,22.30122727733815,42.12246784286213
141.86120496536532,149.53726360231457,196.8817705326142,19.82668444876046,27.437078407008137
232.44264182628496,57.028493171091604,245.24655048313528,16.488220505700028,48.24941396299147
226.87283778135898,140.14680414946423,247.53833985753158,8.757290174254702,30.12163791428115
129.8590687987478,53.320024964028434,213.58287682365517,26.177139532209388,23.936733685437385
569.9626748689578,104.74920041547713,247.47919010099443,20.53259067411811,22.21265026096554
108.74456124029115,71.25771433341296,271.70663897635944,13.993672427732808,33.38380531201105
131.40906715319448,37.37554597342248,229.6180089897499,23.747923797850646,42.4770263037307
122.14145613154517,53.5386892300425,201.74730558542754,41.34882265764238,34.86126362617712
282.8844309792203,51.306678739904804,159.5158520171645,25.482104789012688,22.586424558234995
264.33805714943657,26.056059449113455,173.5291126992738,25.781115189994505,50.211729260368855
329.49592430773214,72.39597999272821,137.12448402017426,23.546486953778466,21.62154699329889
134.185205916902,35.667690336429494,665.7690524238076,30.61979960464378,39.232598051551115
347.1954405198419,58.56786654029531,206.6104379935454,43.70990637073558,33.41470187577163
117.70009050092266,27.55585367395785,178.9871967238039,19.651909437381484,56.53479855149755
328.60098730829776,57.2683655862237,169.88695942791406,15.208225608474224,25.0180353523382
188.8233354396364,32.8980058655702,531.7082474529212,17.629270939643824,49.4739084320744
303.4005599483422,76.1696040710787,234.82413335631517,24.655691536923168,22.398685340339043
166.811182186679,104.55688855595326,286.5389154891403,18.51490976697875,49.63806648437665
221.6100294198989,136.96849837098753,599.7439680149987,17.324489474241126,55.09422555568946
78.39493480502243,106.28765194145956,95.1018959277396,27.23807436936867,31.133743630151816
318.19970266423786,58.14410476760287,232.11222183193922,17.898616698365444,34.18003670934134
236.59320931621895,30.55509144696237,202.1591203501291,6.249769971836257,31.478593813706958
132.8556232076928,54.594162823850056,250.74098047518066,15.619946523551796,41.556826939328836
142.62161021340296,77.64755905615614,298.4542282325745,29.87159107584536,22.908141609433667
287.70707651841997,132.58258521223757,252.10700832121165,31.425231150493175,31.818206992112117
185.5547676424502,113.8470012282624,176.2628892310111,51.067646418063006,46.33266584085185
179.54874557880677,44.81062553418197,226.03405785928442,15.23797367820429,35.155127485186476
277.6563862655323,72.04387924824948,242.76392054490313,10.962543986921258,39.99679365281366
138.76114454399487,104.06125728385922,323.4513344923532,34.9109890290774,47.99791553878458
123.47367747779292,156.1396777113965,185.35405273679476,10.255120497018257,36.359967066347615
243.34001755383787,52.30509155380273,264.33439473648696,19.147182738104085,122.71602817818773
434.2036144819699,31.00756356320942,863.8153158991076,27.56814838342842,50.001518458884355
154.94098325813843,99.01186858691645,262.84363897502914,16.239855880460908,25.874969266697427
196.87916004185496,84.98852162814927,312.8094979044482,17.93209161582854,40.10881040822819
329.8141528459784,99.24471313791993,170.3958731169693,35.187877987061626,33.26197526452378
117.13900888053458,37.02379003513703,145.9153094736182,24.894896392467185,21.7376618777074
188.5777753199072,105.52845654790808,139.37840595900084,14.281801001311434,51.87208995369109
97.45337905169798,115.97188275872236,195.88949320446852,12.426274088725856,25.10627668057698
157.14746967047452,57.20568264030071,184.51612714098317,24.247335575343953,46.71250449168505
285.2372552138722,64.42945928771022,167.89532907788197,39.59790716326506,40.41350697411883
130.98409041722707,28.19879841388675,122.30865387920748,14.806237049777279,19.669834239674532
116.32542805016,58.582945745790184,234.36073368210597,36.89138714916202,39.78542495420049
224.68142377481877,68.99984358787158,146.15784245260247,21.180402781546558,51.82327129711377
280.34835961294203,79.81708555426783,158.73736319285226,17.044959484275363,35.60865957279753
82.75482524317411,87.48089564275404,799.4046022133965,21.305982196033447,42.6467155499483
230.04292546707862,52.083986743094364,148.87974325155395,13.75975476850578,86.60476764197954
387.99560594742144,47.78618117746664,186.1526739573008,23.855506386330017,26.61369581942412
245.2071933813734,271.20012382918594,492.2646501100543,27.340336902892346,25.970788789744397
201.5331443905561,35.750434993063394,173.9928288479952,14.362641219506838,21.293895892031863
144.18877204899582,65.64162780725268,205.2114639480438,15.804356882695956,15.859956586010272
337.22229075011046,45.487151493078464,178.2763201900384,44.32507749531073,24.581012964406064
326.0595791082772,112.83104732403876,140.5447111173414,8.79622510797491,119.3853013867119
145.9128364745154,141.5315205646476,240.61536488852067,30.484208155181427,63.142786171726016
102.58764230057132,62.930074536527414,261.9646913195469,32.13553412604329,26.385999400561133
93.80932263525962,97.48648635241811,130.50299739783694,19.178858750034745,37.96833692716052
153.9974795959321,46.558572805123966,147.30078009217345,16.00859893551239,39.66592717076775
300.6395715515325,107.01064562779524,89.92086838582959,12.727754802032903,33.71457693340584
200.809550314037,79.6959051985143,121.13342255656501,21.6469800301595,31.097454785232053
292.21663357169075,109.7796073794494,752.6539819340783,21.6718014309731,32.32575931962778
342.124231789875,186.49097294985293,283.650418182777,25.028163349711416,13.177182421834619
324.30222363697317,68.8859518929217,232.30331063493037,12.305455776372238,53.96954059561079
120.1852087388686,60.360180205297176,241.1928154802815,16.99027153553922,69.61666770033604
173.32873439687316,110.34067195695148,219.38190156570377,20.045495511934107,61.746945233807615
234.79143220805344,46.838078952743125,249.83299415582567,24.96139978331394,48.23134292370324
312.68701864283855,70.20273877437269,405.38376521152236,13.775740329733635,15.04188276276382
226.858120506468,35.040693745937325,125.82599532555196,19.72043004146877,53.58512260973779
450.2279882837899,79.51543442782807,517.8065000794757,22.17888787854348,27.229844335942317
203.06034556470138,134.66630888798147,111.56334134644959,57.731456030645724,23.96812300054601
140.97622964363538,77.06322787051192,260.8470122952614,12.393450993719313,17.217407419377317
329.263786523515,41.268328686030294,301.3009209173617,15.740205905352619,24.982655588621338
240.6805897702614,174.7574331225444,199.25333348369946,15.625952481298082,27.672685647273152
255.73709991244934,41.465336499018825,228.87455477272772,18.546145465824843,30.885554632085988
153.47387761297367,124.11154795963186,312.8631172690937,16.730144744159908,15.045400542016655
113.03183494229522,18.56876620753994,189.1790631348506,14.063080305914498,84.27294961484957
230.5968546064162,42.31853553397873,150.80939584351762,23.395260861207937,24.311417765343265
294.06017501657936,50.84519607075769,724.0975226350572,11.23853051205669,50.04114471311155
142.7735280683743,47.99316226496809,415.4034430319379,17.285073392753706,42.08739144136506
116.95473117638299,107.39259241593182,280.7763202488429,16.876045060542296,112.21978850379189
206.15737542166394,45.83936900679735,166.71385724331094,20.2667531904563,25.701586571780705
117.12156584095696,33.56450998050489,447.1288329677058,13.547481064706139,71.83862458147635
165.59179808465979,94.62391052325434,120.02219772214319,12.827600450983082,49.15300999231656
211.48067657915874,48.09209874936981,260.62863803284216,11.549243583613602,27.691691026510338
427.70532094094483,113.85389090551556,162.36771984689105,17.384200319424966,23.857349838691455
249.24103238348332,131.92126185837367,239.37248210925532,18.90982578094119,43.650332178460204
231.83217709875515,53.697755627554514,544.9822198210957,29.328425747505293,25.551248504637773
205.09602126755718,55.94827465032179,231.7672639591826,22.543195871921313,43.12087497608734
139.09268201720522,81.66804843995793,304.500788381489,9.95775063011439,49.44288138120246
378.2144189441402,87.0927524844452,167.4649381545027,9.047876352134791,22.27194388481048
214.1031264055768,62.828425291735286,198.1502502882142,14.48759439090695,71.24549246188988
407.96766644857104,59.29362798053637,314.89189800018653,11.206254150774111,43.59309172847008
94.94481699141903,58.020710971534896,549.5874461478189,37.66755941823709,10.322257235093998
118.74556683418132,57.05493600986045,158.3919473932502,23.675892570570614,22.655286124078774
207.02274356694664,76.99247527246683,273.0255227652568,8.347052955733893,29.979992891016337
182.1964757381428,131.50820023697835,397.7318072383667,11.217540898687423,41.18171242833995
302.0045435254163,59.38747930018562,294.913707144711,15.695710543367598,57.57688435730639
222.23849651668365,84.81463468720891,252.15895449451764,37.76479873839674,21.364286345534893
366.63208511719256,93.305811343164,311.44515421296114,25.157642523045745,48.088046320027345
450.3241264179996,41.245852188277816,307.7129201939628,10.670914355728835,50.630011916284296
162.0460389884728,108.27685330454712,402.8084027661264,18.720311586182127,17.291373257202057
319.18655599230414,51.57251763506499,238.94181657477478,29.72834261592618,55.006038765878046
254.44020165793492,44.88308553850654,327.5394960926059,31.148164560519884,27.88129372132255
145.35557839271223,90.34831823254916,221.51217841311936,18.077465754609708,80.40314536082693
243.23275211512248,47.487547595862246,435.434173877561,26.399827199716988,68.84766181617923
168.59935628255823,26.46293289932843,248.68507388818458,8.386845699267674,49.2061724521661
345.05298558983657,59.735816449434374,198.67832111826857,13.087501518315044,47.76843674982348
134.5308329797735,30.15982087962171,461.9969332037825,52.48301178757108,22.817492021196053
93.15423342753247,94.14886372770431,143.24930917032913,31.197711196684867,28.26409752863563
195.97492237019307,55.54065534228066,485.54294811067507,16.07394507460251,55.92945776125285
293.39155361690797,39.111223141964025,165.45654618081488,10.161319837717217,60.203651534798205
101.3720925590252,103.00716707991748,113.66226991411739,36.07632491269287,66.81695938741927
174.17930778064587,33.59614806127113,141.23842073836474,18.81008390158635,50.7293075530002
244.12067671089667,46.24673071859842,173.33806862015467,12.138257930773898,80.40235565966866
314.070851654034,106.06445001781707,281.1517520133031,15.887286758087459,35.41929593891016
108.66798050398897,45.789319220452185,230.69172045387023,24.42347499615863,23.3195063222407
161.31855883383395,98.70693373211559,271.97391951631374,80.95451332360325,20.961379736300938
284.0478061536608,110.15306721980016,736.3293204124612,22.043983718222993,33.73201779460639
227.0646412515309,70.17197613133122,318.16029354007276,29.52081494948339,41.664616261214796
502.5105341517821,61.53541614083442,217.14199487131455,15.341276015710314,31.09299271948625
136.74243863720272,48.26374770963378,216.03164546325633,12.826475727042158,23.752086637169477
207.26565624477908,53.152366500477804,194.63138897597418,25.702383535721108,142.44725645729287
203.55965980304143,96.23195919554587,164.6200935820828,41.19117140448181,21.26022992768345
244.89686045943355,48.980354919870905,278.5786077457202,30.53920742454652,14.096260326347803
340.3334248149394,35.269116356385595,191.97905630514688,20.598654639901397,47.02294864633581
121.72552311332944,106.02288360139882,316.5959772460013,16.842583933711353,31.810043111917537
144.93941736627357,55.17764604239737,223.04101738450655,10.509981763248046,20.778353028316765
141.9528492694265,158.4899005344141,348.8194436870352,40.08720064853838,39.67925803286777
124.55861008184768,111.24566010177135,573.9247919940468,9.31595302765615,30.87168861126902
137.19679938909073,161.3203202423967,164.23798188558882,23.92365280845505,46.6739706098425
204.33912225762614,62.711103500863885,318.3627930321375,21.51141960416513,70.0448935208214
155.33890670847606,42.0501190456058,206.47725551241928,19.831988203447015,25.454266173250048
217.45715154984632,45.95636738728705,437.1434351759837,23.384884473276486,21.729341119016976
264.18568540913896,42.16312099654984,238.348967918912,10.662062703148669,25.356668083570057
221.29011062758315,78.53543736509124,261.5671683038861,22.893871807329827,35.39268184837932
164.9015784243653,127.11716860173253,383.7559327655586,36.65269528645251,14.83831553448314
119.64279669309522,66.48616773730112,192.80380542217634,18.167198746055366,19.047786295629603
231.29874498838785,82.7058105856462,291.333631599012,21.087346586812934,35.66722658876584
94.94550150346869,42.80129931710742,272.2062204441827,16.6706742603817,23.573328049141647
328.0466603797765,49.302676215076204,328.105924444183,13.164632514293697,47.02075910879026
687.4737668705419,142.5348756061088,93.26873957486052,56.19819020909316,23.657991364962385
158.20146966513877,82.4332060427889,172.6224423973728,15.546862113896557,44.669027240778405
525.2150642172096,64.82896345106778,91.11923749995893,13.813491866910622,27.39301100483631
194.9180875236004,76.68659346466475,406.119866411409,32.668385570312,10.59758772207567
186.6263319930521,39.226515302626005,186.00828596586135,27.877264611976383,51.457067310561754
156.10551886617736,89.435346607093,233.52970240608914,28.22279846450034,37.98197081586505
97.42374655549794,69.50096458646252,396.44535007351686,11.356595235529264,45.83227309755099
176.05933731312294,41.995165160455095,155.39340789939715,49.73966087552201,17.77039664433205
203.17574367435054,99.56181832223798,205.09620520345055,21.866434585943544,23.26795054488341
203.177054824745,89.65295385041455,180.99617161243359,15.018552259368587,33.946641135509466
378.3861205562988,86.50088573121434,89.47736302514487,17.645902753003032,68.68553629497947
177.75562410846476,62.59471394598148,312.52300333208467,38.295411301040396,36.93649063995214
268.1877347268694,84.16784299950588,209.876541506408,17.55860228066017,22.635527300023853
68.658691620106,62.59790246688994,235.7612018837926,15.47767231671347,34.35956726906629
176.25842982843162,26.477392751630063,197.69216941813667,22.641799318084498,39.411559043298375
285.45965349484646,87.82042693313814,160.39106537301817,36.03652449254115,35.11949692347981
246.4688742083535,38.7405880432996,204.56290661676363,15.70972246317381,24.364553971180392
206.0724627384543,60.63579113982385,164.81850625926955,46.179588205582576,18.269046689645872
448.64477625118894,79.00059900936962,317.63856552392673,13.753433833716082,20.5675796976992
169.7352291351921,151.92545448687605,233.96132611174193,9.7390943783674,22.521690295638706
125.40940073581274,82.67259286283588,445.55369848513624,34.425276024547856,35.833517550275296
157.89201210238608,83.9292299343582,258.2435995925144,27.58040703429769,70.4414986984058
106.54564432795324,47.21001989726314,261.05134990270096,31.84626451434791,17.925297522282342
129.03927264455055,50.632366280143984,208.115250393891,16.24642237719421,32.39099867407525
243.55451700146958,70.07388228024851,279.429994553492,34.78451151611082,30.359782427363346
145.2601376492416,67.66453588091298,179.53260679468346,14.612282726004057,28.250241279775814
212.25123241191952,46.294738782754365,196.3670928069081,8.99345656940771,29.35081676918373
217.0594913688782,99.62067842669848,137.4609890334632,54.720067318303265,37.25655606732359
248.33933477789694,35.37523507360251,164.28528728442637,18.952229480434983,13.270772233412501
168.50159745481434,45.09968893203154,436.1025069815527,24.20923301787076,27.37435681941277
453.01171083504806,84.96092008873181,132.41566028886834,32.70094497060595,47.29027885548076
148.52741693367403,66.99128902137207,143.0420752092043,9.498326711177967,14.555162244709205
149.15305542257792,72.65558105746672,581.334370987429,37.60519872442743,21.280855765665546
308.09780723914616,184.78670224618025,138.3358996988114,15.781798120369398,26.36860147585147
421.7133852290449,21.457443046256,125.87629980910522,32.1469921056582,27.23538424434599
102.26739911602428,125.56604027127717,164.47658614237702,12.64962605526859,100.99414461135794
187.99996468219183,19.00986063651063,158.95212031389917,10.251393213216563,56.538036756362594
230.88719394751257,78.11350594347233,192.08803933379178,16.789739094434243,24.111648988898292
242.7602469898169,52.27675034428232,530.8713053169469,16.241472247055412,52.096001833076926
505.5972010828448,40.20151325873459,256.1998194573019,26.84936115465616,20.211362293393496
128.339074110228,71.63229430329164,552.0052241719158,24.366749497138283,56.00165612665843
214.50010573449407,58.591713202512054,190.98476582112104,18.311748401627575,43.53149329844968
344.4813478852247,123.5434613786148,158.4413327386432,15.369353820422617,30.323007861054318
210.09549963039925,88.05684744551134,212.50569979357965,44.90198137495758,43.08370056996501
162.62940110402926,29.968733871711656,113.04285036334389,28.78290551747864,32.541743481886556
179.60777820542,52.697545727771875,524.4262183032688,10.737679581671811,41.887252854203666
207.24158395997577,48.20911638612012,209.8958993450597,20.21559411333013,42.593238810236045
94.45171178637604,49.819375911031344,208.61540617255653,13.708224673169484,56.22577243397469
165.01813287964342,51.031957859437554,330.46988911959374,15.401164152237238,17.834352630333953
73.42069641363007,36.97233581032903,218.30322739249817,36.64019593432934,43.662875505946296
180.36011087099854,20.678337576194643,184.22376934657717,13.605320912420499,29.94882345617925
131.2950776144045,157.79683770482958,425.4389647733254,20.53816854730437,27.67796416645257
157.2965350127378,106.09652805252495,127.4762086875089,13.412003504880168,28.28013068182621
182.0845722967506,25.117196922030512,204.36069508800387,16.3495172089745,10.340332991838126
99.2087664837527,47.91658235087496,222.09794503181726,50.11556609097947,44.282724475275906
146.21542939057386,85.40956261252903,171.955565554471,22.928979024262446,30.270566900542843
163.55454017984985,58.24739848280177,550.5931399609053,48.082523494527635,22.838724673643217
123.41883164648485,77.48359771567151,317.6825846383096,10.808213242955986,26.527259917688617
287.4054555711094,67.77919139205724,455.88991884288197,11.32176978691968,33.75578650013134
225.6260941700083,94.39067082462542,274.17632849867783,12.864965502671096,23.50257230980082
209.58885960879496,71.65435557866252,538.7942534866273,35.967937893180974,25.888977417373397
136.16629273472705,49.94320941603063,234.57160661816323,11.967499013747183,46.63367931422635
549.3071144280739,92.40558711556112,103.96445780838671,30.451789159742475,17.62066966146325
482.3652496522401,22.999378316832217,289.35349586446455,32.12594576868423,35.10385659932029
694.7616804733419,23.201419220497385,360.9517660099185,10.091709776091642,46.07296700967021
453.4352611607576,85.39469050659491,336.2528310163062,17.29641323801834,17.707170792219998
86.8363004196281,40.95982955391953,566.1489459944996,24.534678869081343,35.40730107610763
474.5248903875085,25.06172676103065,471.56062799365486,20.15521551163176,40.158228951417634
179.87055491892477,37.34540213273247,236.32910467888556,14.119862646638161,21.883226111417255
243.07080299756643,39.669945842561184,432.3066337885388,25.129215340001995,35.49306124243259
188.08632978393834,65.65544481123652,313.35219293918396,38.433977211230314,22.087752302622487
268.74680853475667,69.07872935095034,442.04558985421204,28.42808492524602,48.90243810197892
163.13773060862502,110.63758537575053,229.68769709102705,21.164839908148725,63.31240402132745
195.20767818532747,74.81115973591658,267.2003398074019,16.10250422436919,18.376178671538334
337.7458857203294,58.80262846100437,557.9355509977818,18.47690023151086,47.01844244350061
100.11372101083882,44.20679968006718,196.8164862388209,16.351018975338874,38.66542339404412
142.26281182301688,105.28556497897257,322.5520448062834,22.52542365057333,15.81495498937953
138.70859456064184,49.294328174154096,298.2152269310563,23.435487726271504,42.47948247666508
153.4007673138123,149.56856558745284,228.73649296658004,14.046664611850687,36.66931600858752
90.56251598992417,102.95219184181884,383.8889821279336,18.43226516404889,142.79027752126092
93.6405776550118,41.25544120216749,172.35873928897843,26.595178812848815,30.195124191572372
432.1805748296483,64.21963683855265,163.84102952523332,15.678519546942338,46.554371202728795
140.48759311761287,48.07644051200402,270.14100826415785,25.23929813875772,28.969746460337202
206.7968615511472,132.82384880241284,439.6636460558471,27.261460432619682,28.555070612991276
75.83706377797489,92.25400575396382,165.63552671435272,14.186633074125107,61.74207198744702
594.012896432689,84.20311958186863,323.3663888953828,23.541335423331567,30.82639748552728
257.2299781753155,71.01513155390775,132.31575061656184,26.542943810638615,55.26210907817274
206.83969856559338,84.38104076432184,199.1132648697511,14.032903115927105,59.30013841435193
185.2135298591398,43.46766873803914,456.9026307072259,10.367724193750934,55.77846250043622
140.47267372621238,98.79946540325754,209.8109867209057,16.309324373016945,29.939394814523574
192.31924153639338,52.01950254073773,394.1175045653645,49.88476105143061,84.2313666087414
156.11931210068454,65.53334296499138,111.45177049007911,53.01349455079177,23.502478799287687
272.3337762267897,56.71685192498055,491.1808098385814,11.018015838335504,14.358219004224544
449.36185035832386,88.07574346257003,563.8704481831293,7.27463766155045,39.66139555963021
166.98041332623617,105.44921366211783,243.094099472953,29.408572635959807,65.84115379819306
87.72640068520981,85.48569441735934,183.06882449926127,14.401494409485734,50.27270491292007
278.95806404320024,39.683286598273625,232.81084211837316,29.74740654528057,40.00578440317484
179.17819248742956,216.25213256166944,162.24974189539216,50.35608723666654,28.338078736637755
218.48374409584403,118.10341638554449,333.42491961253364,22.247020729804458,27.352281591045184
130.95120875096293,79.98008780586777,527.6347221408599,26.981360820226115,28.262523311883644
171.92443567979285,116.82703518498366,339.68099538507283,18.184199623440094,33.39090963688982
63.40589290747463,24.958792103050918,174.5512522779732,13.50007116292011,25.76151777816507
90.95988927594516,33.92445836933015,156.89681939825,9.681779361985638,31.716835791473564
176.79316605412106,42.228360280750806,342.49844852235765,23.980508866518576,40.79437730508222
123.51255644872607,42.18869785006611,177.7031437435033,69.84952904851787,52.7639793400832
354.3521482347061,86.19943019461944,156.26464419938426,13.821132642059476,53.86261028534961
239.4779973289441,97.02888145861871,327.47889202124423,17.037436380608444,42.3645071326884
200.9868323968483,94.87389279620069,245.63369293420848,32.8250858779192,18.594670433922918
233.07432703304485,89.96422530612918,342.5151239088809,20.818759488146014,34.84722552312378
123.44863604389403,81.34068748925479,132.06376468898745,42.03855980020782,36.938062349965676
291.568587747127,66.04995854650844,148.63621860973186,12.260931570138984,108.65242857364612
283.4831367730857,126.39421245341003,253.37190256364502,38.91654892120796,35.57770060061173
129.9810292382426,20.488527160472277,124.06637648965331,9.766044944430865,60.68450413533373
212.9608138692107,151.81985995840944,336.85567973169077,22.693499958638508,66.75325075801989
253.666497272665,74.44832782890714,562.3206013707268,11.435148289560289,84.3197641577992
178.82228726005854,122.28822913204866,180.29370980497188,23.56204580641219,51.8094144471207
645.9756629365646,65.65512561647337,315.22765458343287,18.27126013199874,31.238637439781307
73.71294429099372,57.8566424118074,280.8207745578796,11.408005552270874,15.235690007676455
220.59242211690932,41.36162853767789,185.02346696558538,13.707098658405167,37.62314997319768
161.27162753755758,75.98540210815253,154.96561050860626,10.467175656794982,34.52201867857033
186.47977698137692,43.44111459956748,210.25666517031496,27.75060566542132,12.715557651546556
207.78141484323837,58.521492142439946,336.42662053243265,14.53096312347548,41.287643125947874
248.30937840051456,144.32316263182312,470.7577545861193,7.98065852323537,16.402457177595235
134.08809801151952,45.83477139488336,344.5910409733637,28.32847946053235,26.353431087300724
294.28550221434034,100.5290087128532,276.73328182774577,12.724016483804094,34.9491624877667
351.51385735133164,27.421165757266426,331.1861938908332,27.09566031637417,34.97090360317977
114.99300323428938,79.2115581240046,326.53880248547233,8.19857530151001,21.382970891863202
175.50357450619722,74.45961555458476,205.90449525332372,29.603714662254223,27.114125498744002
307.0281949612266,72.34359515222232,260.3645015227175,26.838046500783648,31.92385644493531
121.277178629639,148.92469934253697,341.98891664134874,38.59707743312516,19.920220708289055
162.09182512801317,78.73382907118688,394.9362360432458,32.002294980354904,53.88378060181248
153.08869492670613,79.1009748039429,76.75658669859975,14.102343924409064,18.050577361302594
222.36191255862735,56.24807122478012,583.4827634066222,25.202742006735285,25.089079248736773
204.71307560787932,24.563944306249525,470.0470420735604,48.417142916031736,72.65564261748166
251.8824434647883,135.94715636673885,230.92290193535945,27.308166082051397,34.30455691828607
261.6705327670842,54.21646440569075,195.1906324621314,28.458852550008668,36.13996380947855
185.97985825767583,113.42728317215774,230.80880669669367,15.954839481966912,45.65282559714355
180.51974398166746,113.33115348925658,183.71167619667776,8.132464412414619,18.14114356319171
130.22202667834125,176.6365091053207,190.98449447725656,30.681387800107657,29.70824982343377
230.9846343831673,59.547254855765964,322.29865768165,13.7052925158119,20.243894111576335
143.69496111379033,36.233133716701325,186.02524598947457,13.757803093824938,55.007831491152466
232.24309064310063,160.80587896166708,339.00605891920554,19.49475498607038,21.782256541581052
256.97372805501993,73.5973533462124,248.90805333652816,53.595479595068845,29.962951593268922
267.77987166555477,48.65235427860005,168.53487229799126,16.123585446647876,37.13230825373442
152.779358876544,101.19747536031757,188.29375675969013,17.02760210364296,17.132428179115635
151.86724283829622,79.4062945522452,365.63437227992574,16.850341913747705,23.828670790260418
281.45191368457614,106.74020963853843,127.54137691526738,27.475189938557797,54.294202693917995
176.28311752919205,37.04780527472919,278.0504540747557,12.81517217914142,99.71461061577942
273.8431257901873,54.04934158430228,253.18713430912447,22.078721343178483,47.180465245006616
130.7359462682269,100.91288305674625,223.0902118459916,11.351517243280364,67.90114418555285
205.32661942632495,87.05464563845575,132.09567140784142,13.116555282417684,56.545259873561804
51.02256306268786,43.630542713177405,152.4391599779259,18.092472533005953,28.895738160988383
380.9949966338774,73.955986651846,281.3377161655015,16.107082024146234,38.67283958549734
64.36186283805849,66.37839277619291,115.59852360450934,8.946160593317552,26.517120998402085
133.29973995057736,70.69591692319922,187.4461380059085,11.846898701371064,23.852863229964132
208.17835775560036,58.595561588424175,284.7839159053669,33.773180074088536,38.32263584562603
379.083604999467,78.75950693360646,192.4066013461466,34.168750289941755,14.549002884665613
213.0734987997581,72.12527325302382,420.06461843190783,40.07546774250988,26.3323620871899
309.5195165016581,67.91638494360242,245.9509111455838,9.006516233135146,87.65542018336224
282.3759685265731,49.334624315547565,330.6531609593277,14.571880155604209,31.799681821072877
138.19384254094,92.0483686929787,450.4114986101489,12.598245082375461,70.77556991277662
165.2119879346991,55.87242264377998,250.56324228188672,9.201484904235782,55.89148868218713
330.2451338593745,38.004746281255564,444.33110385226075,10.712517415563692,53.22524082924666
196.14397129823396,50.634673777768704,187.49533159920404,28.142329442687185,35.43468666833455
280.57196874861097,70.98843781793329,235.35719090327345,38.0214726205485,51.61144291033683
220.28679479755195,43.69630299142203,108.06341418165478,10.444879969796991,22.415051362595538
273.1851822453633,110.7914669319928,159.64558917812175,12.310419772540591,29.192699954431813
236.518320636254,27.754746103701677,198.04640702221732,14.669437745589986,25.442599558998598
130.03279639485172,62.55737867015828,226.2609225149809,18.708017920012345,29.641142403510877
192.54841935103423,54.4786486983113,399.8166747266925,19.396609535661547,46.90747961865559
242.22549667303434,72.1985422124771,204.86874121458533,11.539320564616428,42.64365396432988
132.0840284706493,36.97685737666876,322.2642965775105,15.473694788465394,43.54619615389052
155.78356133772223,113.8450287027076,147.5405896861756,18.86234326785068,22.862887776224078
282.54665027710513,173.69635747233502,261.6636400962398,14.967171501173482,8.117143076399158
218.08505372667983,60.80733829892679,270.0963373842744,67.40774776166776,49.22553249689097
122.00877576694677,71.8501352965662,311.4828394096618,39.42917463938226,33.27928451741277
195.63048691495976,63.394585326024576,438.65411891926374,42.01733319585686,87.41755396223832
101.75630889988861,54.032841514955,149.77583772215925,31.26518392828241,20.528537359403742
273.15372056707577,45.88208400207994,530.3823806271818,18.118830717178923,31.32081844892303
108.4120609406237,121.10280184980446,329.7628200983786,24.71167730090729,25.93096012150479
101.98867370507105,36.46341598134963,247.6697479509573,8.956979151583427,26.57537723456556
213.1519147555318,60.860770351154045,205.19885348372364,9.89498707397279,130.54926533822717
210.18851939572792,37.69234765919307,147.19603481716425,37.863249175469036,31.048785397985064
140.9005970838332,227.8211301328546,159.61056875967626,23.085049153625018,26.115745805905423
170.87256182951705,68.51761464343701,162.67936327744476,31.76641080544353,36.8862488769762
260.6023874699911,74.49238649592823,195.66834529388257,25.01427721485247,44.87997254429158
260.0374418023578,42.99168746476106,438.23110577151664,37.7834432188186,48.49284660222217
47.84721196404802,132.97974740487004,165.30175347491942,21.147422150766083,50.47879807023681
181.71254095407824,54.00723514930815,253.44091757458636,14.600268424180395,93.11696323198242
69.53738937676594,40.39964258790057,141.21390329001997,19.412727412389877,23.908017231884397
154.0914386772998,76.6761691637843,196.91867823993272,10.34354843045243,15.807164146236948
257.6732715577502,52.84944968742887,232.34048454291957,21.295406724003897,57.433276118719704
94.56092798777374,52.29794371085956,262.00292392499404,58.82718568837098,33.54381367615067
255.64143725760826,74.94194455250901,138.26077386480296,15.444154568541943,31.60169394696886
290.6378870111069,64.41274754233224,149.76200129064958,18.829627555308722,28.91896695382203
170.58876842993456,41.3404422226215,193.5049770643036,24.771332350713795,32.682586791685615
275.73867243936087,31.859239831362647,224.79090578606986,23.10075083001094,51.20167001392164
98.38098228496105,93.08423822888359,140.45433051770044,14.027599280727994,14.849400527467468
126.41959260510176,87.02178647042537,66.51586076399492,15.951794817063556,38.45045301435237
329.02133710332834,28.836799634611644,348.5712321963325,16.74515308450091,45.40933423810005
377.76078581003515,137.14571023819173,200.13565003792056,17.384201259135622,17.99529703716994
275.8074955076959,39.568388044518606,126.64852309719453,38.41551615122077,24.69240360072533
214.81900169771717,55.69563782529273,359.2210622756829,16.276302264263876,20.110178499197374
1173.0563779150887,58.19655453439884,241.6810775805379,43.84945159819627,47.5513174468073
215.73093246817893,39.644829589262585,354.14186651447557,23.82741814793533,40.781201747702035
207.28829781600552,96.57717518846022,578.5386096584365,18.420721856232174,30.73263266001751
179.88301352132808,176.39521156502053,298.8408392577266,26.76555917405044,32.198398506226944
244.62745203543437,85.38169703567559,537.679254375724,17.02729856219741,48.34830480632347
99.27045691126447,57.788956612411106,284.92343724622935,23.70148235818817,14.978699846145195
383.4452072678664,74.45766704854462,195.63348834227554,22.564516384353105,34.031974585945406
211.25762042781793,132.71276210267814,129.6652029431936,22.25177084210479,72.1140126120439
282.4723796102434,143.4360489237153,170.05415591149716,19.47128184154748,13.885908958565613
264.6585705178502,44.59570907217345,210.44928839602252,14.837817350139892,24.792858735432333
129.85167844246385,47.49614543784061,96.15732261132676,19.47940175825572,38.61442873973836
188.83627720172726,81.19009622879526,487.3518190263272,22.924836220012516,53.82316490283869
144.52503636791505,158.34770524056444,200.26841079065727,23.202281317549353,22.260654491362082
168.39389486262465,43.69968944215569,274.7987163980797,29.29930573250239,60.795060202353
283.67763418766015,94.58058135089426,110.92009085505984,34.08574322027639,64.78601772904076
313.24037121466085,70.19645891755451,144.92369446928657,15.995759057358528,28.300150278813884
121.70859120419406,97.30371516690288,165.80170660036558,10.68862737764941,32.1911731132857
407.9498769017237,96.20689465229015,374.28589258787537,14.07841681960163,21.71721754736329
124.12601119919617,45.78921236711161,254.76382088061825,20.02699823883282,24.77792556608156
116.08113015462857,55.77017701190121,93.32564004707721,16.101267266746046,50.735270762393554
300.78740018797,53.76739156565516,238.75486484500968,13.419016500842101,26.536668209602706
329.7619018443616,61.05948308279804,265.71814236053496,72.44887966169937,25.483470174117375
195.89287175233653,48.643576013307694,175.70090229715154,23.039750054165488,30.87946439192804
364.8217966218235,101.78182111697154,607.3873463460361,24.90662517515801,18.630843156763333
75.24568593458793,28.829960886397505,107.60977247737543,9.604409103699226,29.33752934032665
449.75364390712133,46.45688567482046,192.79833525902126,20.882652694186458,55.22421371794666
207.9437368205464,79.1475742156565,334.41546643322283,23.898287250565232,21.77729624334012
550.6190700136337,63.038185919215806,308.8956445519539,15.178926353709802,43.033075766483115
335.6512104804241,139.69879704722993,219.76805524233777,22.838638194412653,23.34419533112454
397.68679642156457,47.71060365487825,507.9138939665684,9.292965837711382,31.766271560854594
216.74964408071037,91.56847312302031,321.07961554065855,19.41626214013423,77.31856634717336
465.18213531626895,72.38433770027568,320.5136586074775,47.64580157071343,8.279430861859906
395.6034165724054,75.05293418644,378.1419132078816,21.09441762438542,26.619000495375133
228.6508663236491,47.21101199890071,374.70513274614655,40.81998642955244,34.25387184428596
379.7202845159222,161.04355765949444,112.11675351352298,33.91824284013872,46.54895000732049
221.720070996948,39.82937006013066,249.34034496619003,27.744634524871177,16.78486790365286
504.80475166734243,39.50810872254328,277.17598521545966,54.3707744835179,41.93633473338458
185.27108017398095,95.76877088419243,158.82901877684066,27.630281651675105,20.936746250246742
227.88847604284865,110.93814662432345,369.66741468820703,18.228029029391593,33.9771593151276
305.68417201809353,87.85320651149738,125.87961816896578,15.202645490088212,25.1995449898589
173.64488694622915,56.89213688962011,139.7822679989851,20.919632077097884,47.2870909876972
289.5993088813652,100.2760024115191,197.63473348993264,9.192120642912654,67.48648463491678
122.61565380120457,38.72446251371199,183.7425529720845,33.66984062832924,53.92727937997313
329.3589705230966,88.63475087959972,323.8294147489861,28.981509894257442,45.46138474889444
157.71512161324358,50.64178130936704,184.09223276690227,26.823435545637775,35.75121991398925
265.69383241361777,131.42845530947056,533.9426057731645,22.146351750042864,18.11507701306839
242.46211593566727,72.13772742328928,408.39547025034847,19.77053836640788,20.13382176058667
305.8886961032273,147.23550043982843,87.08895204481121,17.07550397828478,29.909387096390024
361.3828725724856,49.18098014195168,424.43715752412845,17.703042347686765,35.72124077688438
398.7495958324274,40.2298855192814,553.0375075900943,29.839214124122226,31.731403576682784
529.7279042896637,46.59092529879311,200.73557728610274,17.507492639277714,55.97209420617859
348.2449783291166,53.70860611963659,196.70975900034307,12.134701514361955,53.146146088551056
108.46894700388945,42.97283698729732,198.94777866926484,13.297934777649644,52.399359430558206
273.14636893640215,60.45965082466961,126.44102265431647,16.288145063442084,22.004877393350675
92.65529000400825,74.74687693730279,382.82384229356427,22.408570101133215,64.08620994815556
194.46838352243543,106.5159586753073,238.60802790213214,14.25309193250686,32.84877864824011
122.78022193497802,70.87304177684453,325.92504407193513,29.141982483048622,33.10053007920195
142.40596448751256,33.2471586506748,732.5384975769158,18.61082168123305,21.680025116920174
183.4323437358211,67.95866140451419,321.8310986580232,28.57755628803415,36.475131833924834
183.78406288643893,118.6213548816534,762.1532194654252,21.513566643958235,22.66436644106463
171.7452584333247,52.15416739746097,444.7645237509956,29.89575600241614,37.97481991282276
83.82443194429354,96.27763911652865,255.5401659437777,21.876724478547754,75.36281205436474
146.92373558793724,29.046947252553608,300.190132462624,9.723118050474136,17.18671725515031
139.60725500626572,106.52207833587327,283.1615188573099,9.358933523080168,65.36948613986148
250.86142777253585,89.7645217579029,322.0219522627098,11.823115487605437,22.67664333986807
201.5226024045502,21.62903014522713,262.82862108416623,17.38921024895869,31.051947069493384
290.1904513489858,90.30297638396755,321.9000468335405,25.86090938987826,14.729777556847042
208.12565976703823,40.892457341606466,470.9511680700953,22.777685087397256,38.28538443874647
132.51217977509114,61.34898665369763,279.3191201338221,39.70333530935895,26.426559532414046
117.91929339826858,35.61194162437794,415.77496437132874,21.81607358097572,70.08415528670163
229.79498114131368,105.9393449502572,274.66296659505144,29.302465844769998,40.98410906379424
278.1700799544595,51.694329144768815,81.56448143326742,16.456027344395693,44.86296989669452
257.0526703420283,53.97008058069662,103.3085802383433,13.799505303504148,38.89643703181296
108.85968420296899,46.21355950321713,357.53879680685253,47.98770351310875,34.0268091399995
377.5024538722164,132.0550897186791,176.75396301173592,23.52184981765164,49.78957547431739
151.5789945103504,44.01396648370964,189.3151196601106,23.23308118876555,24.010030371422744
158.87116609426693,38.658925875984025,429.95042221102534,6.174862406569475,26.832182620245188
179.404368145378,45.91475417101372,194.67672710978806,23.562148644071616,77.14556415814971
125.57039723801714,36.00831375137145,297.32698907314114,18.56971371431074,67.75834265891774
203.7315186067441,87.37029433282186,184.0012865930772,16.955635119723674,18.952029344174978
104.56826246555852,36.43662827618811,336.70956619280224,19.23790418778495,54.81664684584527
148.7964851110872,139.55521535870398,91.75401698149747,23.655724848145198,42.28853865407056
253.75586888921376,71.93168582508454,221.26670923594853,8.910020856485197,87.65148591723208
141.67876731744502,82.21342096936061,311.066761293145,27.081571810434834,10.806220307442459
146.9124320654952,72.57795515063101,472.1629399908933,19.31793277801145,10.318462037891852
148.57224620164277,57.23481514924526,131.1638838315281,8.555033462430952,42.51328150431648
279.70614955927886,116.95191376826666,410.02140265121096,28.307970849436565,16.680478830755195
231.4834443269065,120.64264425204324,222.0183643056535,28.351225660943037,27.877622010179604
70.2166569678332,57.996037828494245,197.68749489825854,20.69788192315964,20.787556298916943
157.68481948566242,58.845140005927654,188.2454039856953,24.101739199127866,22.238734186991458
184.32551022261003,62.253211771891976,194.5086314323648,21.018872791216808,52.41590515990259
257.6523182103072,35.909317737546615,143.46306419899113,36.750190864027786,23.83518948143306
129.11310327750357,48.01600023010712,248.6126440764394,9.957544296683967,58.50905515002722
314.79813305637117,148.65494972056132,220.61022417446495,21.180163059505702,21.067863680817943
246.53033034877782,81.62286926341703,222.58578965447282,14.66305996509802,39.63885711023011
182.9192430179539,106.21702748808012,232.2072844504917,18.427263612086872,20.937580130720622
70.12895308933021,91.88133401325733,125.34672197177862,22.191311969042353,14.297926957847306
160.81705763106228,123.02810226963948,377.8907175890612,20.730675231800046,36.9108007550353
130.3329402201877,46.01468563161519,210.45395018670285,17.301158071285222,48.59783580178248
98.33613749941055,101.34986003240134,211.1988354142473,28.4686058963679,34.49137958631596
315.82030849836264,57.74158909206954,120.26395299285417,33.45577592473783,36.07308948077491
143.91995664572204,70.67011606280444,231.470042173005,11.506295365315413,72.44627880464924
100.2523313012146,88.92453109678087,191.30097340984318,11.72078217793297,10.636296589291875
483.8152232020716,108.2490189055058,343.4891543931724,19.125494494776586,35.60669286884131
236.95730915054557,53.11352542927909,430.4961517654726,24.378993029594206,47.81687067483162
84.09105627952349,112.53839101413881,137.7703179319076,12.33178200559185,32.81842405423747
197.1888532074058,63.89193121039098,397.14590890179886,8.768711308734355,20.777272847998024
311.5880099288102,69.93170695317957,658.7995274941726,12.843048247598572,34.789571608738946
333.19576323538956,118.75093049421446,228.41792778188048,11.71228709017546,33.00921459717436
195.10152137529883,76.80681489613534,516.7955478217368,11.187898766944894,28.599899111211585
343.63764659560184,95.96873830273313,172.5699055740512,26.7080304053306,69.49837754872162
189.57760600914068,71.96885654311441,472.02357708961716,13.446606583953788,39.245486795286304
170.06230705871099,57.14668212878758,242.44590388361704,18.29548431871366,47.664523445463935
279.9382924703867,60.46699961383607,197.9595953980855,13.412038675435323,68.53654985495547
193.7517881792389,63.3623199616193,386.3880049919051,34.11405760370086,10.607981908508723
356.0626861466808,179.53155496171155,212.6085919549248,12.557194480000407,71.72026330013131
300.70387055568716,63.54373289018392,288.38640079574316,7.814490756548149,17.415492500619315
81.85219807245215,42.86677688311857,206.04095811742513,16.575969752586097,37.92718798772488
132.8027377592455,31.216296517012328,189.10506462042355,13.817138048364566,38.83427825627459
252.2053010205287,245.93857240997195,300.4079959308857,23.77844681643097,55.944189415696556
215.62368083725653,88.4718458055737,98.11796532206296,15.426372693385975,54.76551061643297
233.76611292696285,72.62819086843429,97.26598135741213,24.86163460290514,56.4011457565294
295.59568451228546,140.66843995796916,247.04739948088522,36.06691778999607,27.219459056821353
70.00511813541698,23.89632333100296,422.50400983044733,13.137893598187931,59.72771117381682
263.95035027158696,73.17675520970998,152.6231917540465,23.062295286195695,168.8883816564177
142.0459752329277,81.84688911550448,356.9531052345869,20.431099088816406,31.131279837441575
254.1921330532244,82.92998628013432,115.70830682357975,17.92884590210184,14.374152931579628
144.73277226661992,77.55928061180005,196.163968221173,23.045941767695325,39.6431011739181
376.5364148736297,72.69549240491573,204.98110524709477,30.288492880935394,50.55827472341735
128.47616765065024,32.46459649567992,196.3591718085761,35.07218246022388,44.820175232718924
119.06026111543697,72.79145037957296,191.68880732899328,8.10468941576033,30.371387762953056
194.64485140405836,47.065446725525916,197.19046625653152,20.809033859419223,32.48754653538905
152.15077624421218,81.7924292903546,194.00112339330852,10.906893568382628,37.73244824066407
161.24300747463747,30.65183014824162,269.23363141929985,24.81129174366293,41.67030614733299
133.4467180068613,273.45647589672967,119.68029974254814,32.772598551883114,48.13975268278466
266.01015850355003,54.580372513444914,219.89690742748286,13.030051423694175,22.750757477086925
206.79377281631776,109.81276420569466,161.09982357796923,16.37665736934409,17.779998112535953
545.3480504668969,76.70664236147987,270.58349697994896,21.300584463170566,65.55693621664926
81.34830611441772,48.549830893525915,123.36724509347557,18.924426023208838,27.042984273710626
126.1329874634267,26.62742452508955,209.58806359668924,17.01090919853095,38.132153493942454
112.30193740114228,44.574296514070106,228.7610130699145,16.098910602031893,12.782064774634028
318.8402531033682,42.28809814117847,354.069684330936,18.682003935921777,22.32974945496142
285.4390814633541,147.16929186443107,259.6424500129252,24.268706493980893,9.012110093412835
115.98674599842529,51.30905173914289,276.69067105018405,13.508016924189494,28.01534746149928
178.66181774981075,153.68492170241842,205.71478149722773,35.730564908706,25.451133825880955
144.95125800560768,95.4843933627127,174.2606791940555,18.71968502788523,29.74063877586591
455.04792476765687,128.24042036376372,375.70287947044034,24.74831308695276,20.739371584727014
385.48405861798517,58.3111068946255,260.6132518776892,14.847238755024913,23.792375289600592
223.96110571293616,93.31533974768855,314.8312378172744,55.86338265766487,43.76460597737266
282.30771217176056,59.24056455702684,240.0918404620092,13.941050424723882,30.865483004586512
206.3783729977161,67.35786576314177,396.08706189885504,25.882329930134667,59.44610671402109
147.42700843218813,38.18241182007951,87.63067720154183,18.524822743654266,16.609153950081485
203.9447984463886,29.983556373989313,267.5410172136009,24.907144558556606,44.887445688346205
325.92231446638306,94.34584883817897,294.2118395301624,54.438873975756245,16.04142157853916
200.35826906717546,78.05938827419871,127.08146581368953,21.80338583620664,39.33164856580309
231.27056363376974,63.03069438915967,312.6440618505494,9.374964165006952,27.930769856219346
421.5619104354552,22.233411049218276,1009.4588852907872,33.29794246642537,29.04500947974241
235.85279472014946,85.77826284104825,209.38120317515853,25.271431698420937,36.4303746070333
151.3256487570035,88.66283397002951,199.74763849957523,18.529108850988532,35.94764423141393
170.45981063258566,197.29211559592628,219.4152982687925,7.613783211218908,20.77819740474825
198.6420104065492,69.53600285508,156.6412276480795,30.68831745840862,22.63730872526916
294.4192747429395,88.98153822373817,105.51631766400764,33.249291159207694,43.64671488635371
176.3023459970836,53.96206947568292,358.4368415947765,25.58604096361755,27.399971431862056
197.67350544140206,115.0869317809042,314.57410815420604,22.79036136408372,30.359071308890424
210.20123938320506,62.4877716284187,254.0423775079338,26.403904637333454,40.99260585955021
234.44156601410668,34.79610380682356,292.16149490947987,9.328040517859662,29.64315066152523
246.41194316377278,42.890286869716924,263.44591117398267,12.368164640836948,22.155133956809312
378.5051888113176,37.25089273095475,144.4759838210399,25.827986342916297,19.395655318257035
279.756987638711,141.55256040005762,469.58639807466676,25.207250241092837,22.039180976784547
332.9048929943346,52.035592212185634,176.36271687593566,21.872255191442328,26.427396995787298
214.85640432059319,81.5737513476827,302.23391978017446,17.357059442951513,61.52205874213969
114.37229523699456,116.44702302309881,259.44726029212734,8.754012239566489,32.569069106205674
217.28642032954562,41.41272324619022,153.06940924051966,9.348760139011816,26.089194838826447
216.85086303981618,70.27172758525576,602.0153554195642,18.032734376942155,54.653026964953
220.55528705830173,40.13661180635838,135.37784241965804,18.285255699432486,37.852734241365596
248.78265727209728,98.89919832360034,321.5677983940573,17.18237999739259,16.758489307388796
74.03588631322508,66.21687139558918,154.17316843634504,15.117650237074958,14.333205038407726
216.88899648892198,47.282029190251166,429.04983170500003,20.234313633009446,34.000033065418975
288.7312675269101,111.91868618139718,208.1606513447635,31.398296655758905,29.43796334537677
98.83851511729108,132.80680864924037,336.5223252051427,20.069527392272512,26.057798821216497
158.18471631834046,81.1996318068967,163.21219952919688,22.81376949316461,24.052080674553846
102.00316870116451,34.02125683064533,274.4301526317916,14.470424065838909,15.923741327846622
83.64759787460979,66.04643381025102,278.77577267965484,28.639204780630696,32.707790423370945
74.36742997026636,43.52292178161009,183.98405409319793,17.622310503071034,25.725524571755574
120.16951326741908,32.89124144005991,364.41926551242796,38.11333420828554,34.11275995893117
258.93995658175305,78.15292409562572,320.4893647495322,24.191079355285932,33.26661276898569
281.4745826280156,49.872791287175104,335.08989882206475,18.287314337128556,50.03611883908407
147.01843986867186,64.64528074621049,346.4145052846574,22.331500578199464,51.603109365223744
165.19200037613902,133.96918937646916,386.5713875487405,20.84859243224366,81.69009800876528
115.33720649205554,101.23305608755837,149.42905623170213,28.679070015711325,46.809173127421815
164.26005888954222,50.202486114498384,184.95862617406397,34.463811037392176,52.011886130824436
182.54804055032943,46.636447641308834,303.08547092560786,29.688276514787418,41.69831544027335
155.04508258792342,59.453953228060726,193.20562175736555,21.574865002767854,41.629922649772645
121.64965406841294,47.37635887194197,489.4848908622354,16.186476075937996,24.25272282104414
234.77354573464902,68.66492473782992,238.33913134568945,9.908175216895819,35.665957916171855
405.78698592947853,37.38977368157998,208.39395251407868,29.205619273131084,23.39483988354506
148.6728293222453,155.26475351934567,453.9581536231195,17.211264128766196,32.77131617482452
521.362144312031,128.72016068404452,98.8660889700058,7.5413390895562795,41.739381189758426
435.0726793345926,71.1180002449212,138.54443249829862,37.794842759992385,58.25418922246041
215.80809954070776,53.25733377483316,266.66968215876284,24.965382522158606,54.84462369835078
115.60314501499288,55.11292911141962,613.4443059470996,20.40130106898097,58.62341507190325
434.7432999054728,95.72270872946723,166.4353134276048,9.092432995758019,25.59320936340691
135.4338885881083,95.28636657558503,299.64621730202725,23.101646539054542,45.91996851877577
311.69084851054885,68.35883355678313,218.55360249936984,26.06549291691484,41.370805421454776
180.72958460665566,103.3681137871869,168.76537778357243,20.24902025206648,54.07795755389774
271.264880829824,116.40911339301077,265.53404554950794,24.031156490111528,33.336610402975225
248.1525605169725,57.98977384547998,123.60497872259062,30.195833987065082,17.651428345859287
220.89439453869062,59.816670087394925,654.2756669944597,25.21073875748658,50.779858784547564
102.34489686146719,94.96630939050183,143.4809727122342,13.268249990518655,34.975877622231934
88.46611136860797,54.41601518214984,485.50274253279065,13.460023892097873,51.40552473150157
62.26184727833695,85.84287491224259,116.95034331401014,9.526902100961498,47.014973769672665
121.46477781659729,73.94228593462867,229.63654356452938,22.185730875564555,20.32666622497632
101.5084503198176,48.689167265270484,196.31963855836523,27.66196723675795,30.134836117567936
329.3293031023136,42.2182864674446,150.29420530631663,17.97458327042671,11.553721929048084
230.7350628646154,48.444961131363755,255.92423857982774,28.41298687766778,75.72164236976884
98.09276756124504,31.93940460681424,152.30396489417294,31.053094435631277,30.253428399658304
195.65102073463507,38.21961858450546,179.0362399059687,28.19298116187486,38.59111049562161
240.68530505435194,50.179021567902396,321.7560789929947,16.843720755703323,34.48415391523836
187.62670386180707,53.23117570476375,243.87076106033058,18.675748487670493,37.118630849098864
204.01509391761948,81.2569718923227,247.48361651389098,19.31154605269507,16.77138237316113
150.48516641152378,103.73668494408098,202.93064874301277,22.133951409335488,22.518318422984546
185.3288321435615,134.06147236956627,201.45092196717272,38.196389869738226,46.40037682209495
152.1021566688877,47.34642296841971,240.46030873244047,16.799050229511334,29.742234362805288
116.80218025289224,85.42890485716896,321.43914799797494,11.782601478633996,46.22875999031986
187.23176053905743,182.6367569322746,313.68596434103506,40.7714817456697,34.14541982781362
137.64879890358688,130.50508118548046,113.69433497233463,28.95307033880232,59.582001965417085
344.2660576631969,53.918419497380796,236.65296713635172,8.870400923854307,35.09277870554199
400.86326961923265,53.29329587153924,340.6522758987719,14.591151451727185,52.145572585593875
123.24905606717257,102.57746427162681,156.04892129100787,32.56789239860561,13.664590909822794
489.09196787850595,35.512761999013584,305.0185991139531,8.100262946139996,33.318642695182845
321.796565525918,38.36825986580033,341.97711491441174,8.033839589422971,31.94373313882746
295.7915832177883,51.591207042780255,258.5420302823774,18.984575444958693,19.17921170282016
161.1609902795408,68.05419790684843,243.09751422183177,63.73284170712582,23.39755727084047
290.3598143506255,92.69339431029262,384.3272693812859,42.71209675642124,44.10959419540246
473.77587867908795,68.65826987206458,216.99524077594435,10.021297295237028,51.634134809088756
287.89363608731225,85.46402426098413,201.48294497230646,28.481015762859222,35.49853539547701
161.60477750656432,58.40481947702353,122.41194252759718,24.31455509793418,84.71052359046375
222.79773549134666,36.21838795284767,313.0950740417214,20.435055140988524,15.159581934351154
146.60354992083725,61.71483394710061,123.35612837806988,14.3530872071644,27.62875052478518
202.8380953724875,100.13120322213821,168.76467710319605,27.668525421365466,40.93391166753426
124.40343141110048,66.48065465773212,263.5343822359022,21.206264811601077,39.78393267963119
183.11947977079788,86.02138399360467,287.66523533788074,32.62060900538131,25.205372035753317
192.5886618070104,57.48266727652969,394.1682085695453,24.252858200106438,42.19104890298587
198.8421384794593,170.6802181614277,188.74308818473241,22.931391728870704,26.578718197420145
237.21550735925592,71.91397774176242,171.2149309379551,13.248171800411173,43.42766821732096
324.9473398506467,126.54926856283468,238.33005480281577,23.316933850006336,31.29651047899745
254.96588954158204,49.455224979314195,336.85500335371114,26.5125730690392,30.772093228450075
108.7932738469424,34.05034503790654,236.36827458654656,15.977423444997523,23.69690132394404
450.55783732338705,12.68855698664759,179.49479237470527,17.593527219264427,36.47733160808758
200.3494239972165,103.29214473878892,199.29568169857038,15.550958766351439,46.85387459969792
124.58120950673792,216.71051328017163,504.1988653324565,8.038830717915069,24.08400115910017
110.3440972250953,76.7917702553484,313.4319432313741,7.052725699780092,73.30244440728524
191.66656880231955,56.58578148761042,491.9262247134128,42.573660488887946,22.136600087139474
112.81275852955295,26.02585279972724,229.18218307693905,46.59143363582117,37.50602775238422
220.99869625674702,70.07422579335892,236.47833717203926,16.788015099569915,26.98273456653418
144.30275802715826,28.07390976830029,347.3246739087685,34.95192814776865,30.140560279820306
193.69852410472913,43.74563714804609,476.6739029826203,18.697794102160543,33.96720658430725
152.82194438043433,50.32295562004736,595.9088073273102,9.206477394915131,35.37771242842165
253.61516223742078,55.36870694846922,122.8763414218872,33.391429083003146,25.247014957615715
185.6772530332051,164.53843581115345,424.09374632826035,11.297085492728446,36.93970863661665
196.8879948094181,40.27116431734455,154.18432226131958,22.749577778397956,35.27133657453334
287.8240483448648,77.56655066029634,256.91702245944174,50.09051363975172,24.627555255872846
182.9652294400203,131.2159359440943,344.5164662669933,18.72707990427695,29.708977735093814
168.74890454567918,107.3338995426019,416.7633908682952,20.887487073522635,84.14593258245945
196.17337983719278,149.1212811748298,713.7653908990333,12.027877991759516,75.24442020043301
228.53522796575706,88.19293487226432,504.40250667911346,15.523458379222328,12.456782588804487
174.6368547331498,70.29041650257025,124.55225713908864,17.985828624674994,22.610922822898274
293.39868915582167,73.71198556351548,316.17752496769674,17.585438829701832,38.17537318399451
184.86261234728946,186.18666582863332,182.70991922543809,21.282105817991333,23.12172106138228
273.10030220925177,48.537390639871624,207.2986004815233,19.17080245942094,48.66927551685606
175.28496485376655,70.84359740017592,311.86661695326694,4.785140087864871,53.918647152105926
209.71559185568216,95.2059966126086,279.95833178364586,18.79736242205827,61.06507814945588
145.27520175739957,345.3175868338639,178.37717753458466,21.288003041036877,56.861597150721025
179.16574752291203,85.20423966839444,95.83554515015307,15.485530721728228,73.90844460147659
145.01406195339257,93.93040845580245,453.19608649487685,21.956314374177502,19.96652797622373
167.0564989483058,44.33865697410264,192.52677681133878,16.413479171696846,77.54521201794662
93.96148406021179,41.35601790382585,167.81938235082993,8.700886839863447,38.69971548585246
155.77627168382432,77.84947796951047,386.12497737663773,11.987517605555377,13.178922782966282
217.55231822898014,59.91396250956031,378.5551381540861,31.106811521059043,21.207825556659785
172.73516389794423,44.760035531482075,460.5829266612343,27.077409684801534,48.846620260462856
316.70219178042026,57.675857948652194,169.07249361382372,24.554404301599273,36.871714723741036
170.99266765125302,60.34311478998957,825.1550548363363,41.65749116364403,38.735423257461605
173.08495296263902,79.2005969709356,282.1245780005666,39.83726486433941,18.54785444366871
237.64481427947356,94.43970398148058,396.07009642953943,18.71438032096634,55.09778272911907
113.9195568832432,101.01720342157498,398.227071162227,20.30278977172119,15.366456683680846
195.45495761362892,183.05026687202914,276.8427718727562,38.03729729828474,36.78395907560885
176.08451432906514,45.0561747016223,146.0939331653812,30.895559809225567,25.411068297180947
497.97217944153783,88.82954974574692,498.4964622972557,23.739273321236748,23.516569942925333
489.38926226348445,51.74802414059815,171.28216899695693,9.262710983343327,102.63705902958937
291.1256280576414,31.37512942210299,533.2306716715484,45.99163688375222,19.246239745794018
224.80298959931523,184.34146904461352,214.8625812048191,39.22385587566295,27.428640541982684
234.52909858843825,32.303721492889736,178.30742215991347,20.283366781157568,61.20074469278497
188.50330340224173,82.6691345785402,157.79134263973918,19.25616726797941,36.595478242177705
236.02984442420535,69.09522164792214,186.1276405600344,25.209173690991847,34.13819097107409
127.0546578995595,80.2640244328351,329.80394765430475,24.709611375212283,15.913234916156947
206.64935738331974,40.701013173990845,256.8860474518553,51.8795052907436,33.805913987625495
139.50002478813983,53.288615581636,243.80635296878393,16.070436994943464,48.347999517113514
116.54458211177634,102.21362387838627,354.28192555950494,10.841960340505882,30.17273837750867
147.0680685487939,65.90183484754124,251.5068364238839,30.77961044160065,16.90111859129635
585.0664782763982,104.289372522053,640.3410536141603,21.30613704275872,20.49220833788398
162.70846081756133,37.29160609820941,399.0699582585947,54.226492232572234,37.796114127269306
196.97023952801385,46.02381289983991,98.91047784168256,14.745679856583603,26.350714304683645
117.62156476460164,116.56535118005915,333.02960653477163,11.909947168645376,9.65645474658501
137.86674408217698,63.82618457501377,569.4969942785359,14.453618338684993,29.40926477421174
313.57186300087494,55.70625941031988,201.1048455509198,17.221718269137593,39.417757090535176
225.10894989219443,54.33958823500227,169.58005998607032,27.8800009994916,41.7614621946828
209.03188691196758,77.37625513438459,352.4173008787878,25.799027901229934,24.877246903749814
253.18520067177766,55.66911702486546,353.77155111883104,13.512856520697557,17.24432212591799
374.5635098698174,67.06083499463068,300.89041854098275,29.678369039624737,16.403917301313665
261.07980570107856,98.39971961579714,210.69403850578965,10.762542332845694,39.22467126072315
141.3970272984663,46.506615171508315,143.75290409949181,24.12423409848372,45.062683946932545
309.40523331803763,63.68368434438384,187.53993949999702,50.14648616198787,45.63389838885549
94.72722900739086,75.39367284903508,564.5460227645652,6.736081183310979,38.17905733793939
304.43165167237834,81.81827894215238,318.9987331319479,23.61097586052564,45.00808914463474
205.52704456968948,178.97664831376954,759.3960224708768,18.017456805071728,37.32525933441762
291.003640502301,41.08330444422816,145.92418449121396,14.638495441883343,66.76686258860852
681.7401308856481,118.98967089610747,158.0872771025841,41.04035003852119,23.955699629643302
109.58177447860008,74.09835158232023,182.99789180431975,19.74458699654288,48.32910530899163
263.96546375534473,101.05308654420782,149.13501174350685,29.970608306101898,25.811755853351453
396.6840431530868,27.471900096501543,261.6163873194201,26.35217682639972,37.0596701402925
422.4990026608532,84.0170848742374,138.62667030571237,19.084808487660908,38.57252880608077
185.7271214162606,25.549084971788268,201.28549137528552,18.46056833339615,34.254634495036925
266.4281101383942,80.2641678051229,327.1624828718077,34.916266162914475,37.49932329532635
329.89185034719065,89.28472234392359,219.90501825152504,11.387814764871354,34.60051466906108
275.86207668760915,99.79824478039129,182.59041094795745,11.22773365189824,16.46237341083718
111.1245029732818,63.55908301954879,271.43375576371744,11.505160834130207,23.31274886750594
91.62117344174133,54.840769753257725,133.50725688125314,19.549305661476357,88.67379812894119
512.6185642845766,61.240284115175065,256.21067741135835,14.82133219627068,40.38279692780591
134.44317391862927,95.54554667368822,188.43647399074416,13.274357233009939,34.41115014254132
166.06350250117268,43.50699620612587,182.23270926973373,37.58659720699417,71.5985288177544
186.39718408766925,126.23711866655638,647.0043155416607,15.888508531498706,30.82208324970213
430.23169232881287,90.0816338539928,217.52809928347605,12.230022596173873,19.318439902242215
160.07541246959337,68.24427402692685,249.47250147478846,21.097591547957702,44.1235493597673
272.37271267762463,131.53490326763412,217.85994536903135,26.834826985046334,50.850427334089524
111.08236585022851,66.33517859290812,378.12801346233795,33.11239090254572,19.297237108571082
210.88577814773652,104.58488019670087,245.19505980269807,26.199855024820327,45.161132810572624
347.41937257003127,69.48991652470357,369.4076679976813,27.006073967352513,25.410325607774197
205.61684981185468,44.89179546109718,178.61403545603878,12.227913656375582,47.69932917671638
160.24334106200567,69.52496403117537,213.0999765058492,13.963845691094411,70.15563453398363
309.9722947465088,115.17692356700218,648.5245167300461,20.966583010438317,16.517237420500607
259.2038639044074,102.87412414157177,347.3744017132048,29.496983347233652,60.4280948058067
245.62323229537725,63.477000075797086,374.9079787346753,22.96290336823223,44.35606722933278
289.62896583773284,32.41228870250502,146.98842895077723,21.461281318367902,22.32060704799423
228.13646850783016,120.67389293187418,930.6920251644895,15.603333163574051,37.1108428728239
51.05146237222684,63.09948035395258,271.97064235575215,15.418888858811258,21.60105782209263
162.2579730611268,57.288476078704655,126.74549327537315,26.695160662452636,22.33823419025999
325.75819815798656,78.9293389774229,234.51187922070167,17.061005410184986,48.67868892978417
257.199459444115,32.07904156816518,445.0501377093627,36.22138800066471,16.059258846512893
298.5493827398282,130.45761163404998,203.64289310294697,23.938247719512518,12.665575216609579
149.64002475711266,67.53128919501009,166.50928819683048,6.29244054436948,52.95175721782675
148.51328156296412,74.02987453881491,183.57474852755664,9.4151777673615,145.16467881000347
314.64001849098025,106.29330378237209,69.56312271734066,49.13904249622054,27.657381685305104
216.82783858655887,74.65013885600179,71.3842609929574,11.961317084386929,26.707326027587882
200.28309783200794,84.01089585664563,129.26385291256724,20.058479495221953,19.168272671934254
413.30725614424796,94.53699091252089,387.01326606285613,13.37283871645726,37.93353669400678
214.67059674552752,20.842586400041075,251.71580288013413,17.64613058629169,35.08463379945782
118.27268295848864,82.95289875091612,237.2399095771143,13.227655415179397,33.94517540422576
283.5166101840551,60.069265696088806,185.4466137093293,21.62359112701107,32.336732182176455
107.9202162907531,51.18408922034797,267.39806791855597,8.257652462229393,79.99271537902099
221.1798896827686,129.51766004812808,320.8701629309492,18.858144871484104,19.26053859653868
185.21478927531248,32.16480409343095,142.55265831996428,26.962896587691507,50.96763291776249
154.26045067415345,78.26638716049042,170.83115146046495,9.040210871416551,31.70889543126983
335.7454650739881,47.860588022957764,195.3829885001889,33.04106502214324,20.437332506755933
210.13638487975896,78.08962910811647,215.7520596197366,12.08254246730056,27.660346624320784
187.55899335769695,85.32230472800673,105.65453244520835,20.737758947716806,36.93871035179097
143.46688222328098,82.63412619085948,309.1343899009296,15.21832732004149,41.34442476787589
305.8550927955794,67.7990750537999,333.15248677664573,17.562334768017994,17.11917330671465
167.30732565299462,70.30192898644259,374.380385056232,21.13269339822984,23.33333304534194
231.20526884391344,44.2306459842309,228.77797921404058,20.09453077471656,39.999023996299755
281.9343930018398,216.27011876812574,103.62079288084894,9.134854309967979,12.997696018187135
326.85857586114633,84.48101492016752,189.98220428815924,16.573400521672113,29.70433127614435
162.58679750617839,49.110661576622995,228.7727579283621,13.880137323793889,37.57530604243253
203.21738219918933,121.27216744597222,346.65227899335855,12.461239987215885,34.67140469185015
364.94046120437133,38.16535261681661,355.1385727592533,17.339164327832986,79.16635039834804
153.9031473196676,73.94046005934185,242.65312753430308,30.475476484263325,28.21936951986275
118.36543552159655,45.01859841074068,249.3715275650853,12.501007586021458,40.839474144145505
192.2236312204712,23.371971838688612,387.7256855020086,21.685222176407798,24.578715142468397
486.88322230579337,187.42494565966817,297.4714990331155,12.561932666790131,49.25357525716982
187.2771276306874,85.73933628853682,625.4822963935216,17.39432339070167,16.51465259991673
305.3990540354422,78.29710702913493,306.42919583598893,29.903648382284743,21.47595837843709
209.04138197435623,41.15370983799731,139.3056231891416,10.466650085164101,46.48216171856116
266.7457824523825,106.6843925259728,135.47487557085995,13.706424402043838,32.6218836684291
90.92814771975237,68.39950156635702,295.95580734738274,43.656030824688386,30.264412007740805
126.11260903720775,32.64149818649821,266.57027814865336,31.67411150358063,34.32081092668197
349.1129230860404,146.80709541983506,229.1224524350559,13.701044060553745,33.78695889046116
131.66983216530429,83.71291082843594,250.43851183113347,33.35325620610041,43.18120715656938
268.3285289239054,47.024535596950976,109.53082852174751,35.750836800792044,20.08828254757589
76.8332374119284,71.5334154997013,258.61694376439016,31.871239798512185,33.480508231396456
159.577068059516,102.38275990531244,214.87390946941346,19.18688337041191,24.265573493556705
327.7245218561429,54.56515301947863,93.75179028066903,22.433047675341946,40.800085160872314
59.76218635456627,86.94050463897229,224.9475488732203,27.62704373564655,25.81182546117754
177.9608828299093,33.3514693231641,170.1322934977607,20.532167640659825,27.75624469982034
261.49984032168487,88.54947204719033,134.45221086735143,27.7566203413416,66.98530297347156
220.18762784895523,41.04193188597659,217.13408556329708,30.132149430846827,35.41778239856954
263.7355989202639,39.65830466541539,173.90877055699514,27.999931221511236,35.70480858232382
355.8449068172275,45.51165442835698,199.15968616515946,35.28892479151088,35.892682255673805
126.62062576976274,28.265645864150855,310.65052450586734,33.444244145221816,32.59197856530331
123.12290151266919,115.38104880447486,252.8837948915881,24.786488847252027,26.783640820977485
324.6770652749234,61.65740125017912,227.81272941141364,28.032751641513645,30.727667435426685
340.2075360329545,47.7019039400586,342.02228397215714,16.63518931820976,9.451235167748235
138.52304994751134,104.46174476887967,248.1928424666775,13.477022503062603,55.056241144019914
324.8303784911131,40.35441412069355,414.445696292628,27.393390181373043,24.514061516957973
351.0619979315028,122.02094839043504,238.45282435111957,28.81213453468293,35.940272248549554
165.23396512412558,37.76205039493477,116.7220582834796,27.515309826023397,26.636805090777617
132.84256675536884,202.0647625334341,105.20904423479207,42.94083564948838,52.2449083490431
271.1834864048742,44.70051804946909,385.55263013214034,21.52730447329093,38.31762869882395
135.9008433366428,83.00310519405856,299.444877480025,9.584348284177326,29.419705646098212
202.5770287188745,57.72075571899159,189.32302156076477,37.66858570549896,35.55684367855563
100.71012135784781,31.55826992016028,524.4203908156317,29.971776236366775,50.65546142403498
191.20434243158306,50.088580480722015,413.7385201585434,20.533741038957167,50.267357217176084
127.93120742462821,41.82693889828994,198.09619016563624,19.24470681419715,27.439572303119316
181.0550489816614,100.63607556170513,323.1291653105067,14.335785730776056,47.61830045031968
124.32903307186028,119.27687329810318,307.94719684286497,17.437787684226482,15.41248353943269
303.6683644709733,75.85222653003053,312.72568386116075,25.788507416459325,53.29936003210278
306.2381673020551,61.11950971662969,307.9690478395974,31.167397712307757,24.635145905948225
241.1800653603611,67.8819192012872,220.1902086655037,23.318733656509067,43.04340014689525
190.13189552948006,37.656586426087344,251.98237197193623,32.93292972245885,25.50666813397447
173.5117218647293,44.032513095146,242.11247875076012,9.36974978645254,29.814440006956016
194.6622881887081,95.38991709694082,193.70346544277672,24.832783066045515,29.40152691004957
224.974469903035,56.28915590074571,264.05121657090274,23.199718204586297,32.048038967716806
146.00790027921818,46.397062434602695,249.6223096240696,23.273406855252837,25.950001501074652
130.5484407910272,25.513200505077002,221.18412441643125,23.335013446137395,17.81558262330402
249.28137781481726,54.001527065547954,290.3206349747516,10.180252635683113,51.39518263238182
306.59399828656103,33.48414301293022,180.02973427222824,17.518861100021613,23.125458118131498
222.11985099488362,173.62883632063543,213.7087094343227,16.18094896369871,46.99942779981403
353.67804456259483,47.431385706765944,194.26984807493258,6.608132485644036,55.408479191382526
248.88421449058993,215.60938212194802,238.3415853288069,34.86064760492588,38.37220176916152
175.61870238224836,30.02129045222852,199.10974932797464,36.40051013372062,32.898690227390716
304.6995658852407,79.9917625394218,354.05357354420977,56.34591088708084,38.09101864840965
296.31418439266577,115.12764885200183,253.89988130355655,14.312787133507078,20.174305045233673
151.3267100241654,115.62088842023843,189.50820174769086,37.82798734626084,24.900916385498313
286.89796409008557,48.577536833006135,449.3439668189083,10.726077390240881,59.220120102025355
172.73499138169612,88.20497515646014,154.11661165300228,22.903428482821585,27.358375844125295
375.54480625250216,107.3855211107537,285.6776770805169,50.965966824169435,55.251618308157326
657.3861110894281,102.98624796167577,362.3643368254773,42.76774881907387,40.08657188780535
167.48902964559116,168.00895552962405,310.3553825689726,24.646968068723595,88.05848760872952
173.61348608013256,48.431326065452495,503.84636884544545,49.93943214236585,16.973303392801732
198.39160789701424,51.32712610502117,205.47738147270667,13.168793955690504,20.682321224849986
167.78383101453804,36.97289480575724,276.01179893709264,32.904612751209314,22.102081743283435
130.7592976649943,88.82165085527818,128.0465317074014,27.673289663098203,36.2676347410762
459.19246688960686,47.39836996827756,254.87843374051258,18.406830009230884,34.50444232459943
62.93303542369605,83.54381207975193,300.00757367017144,45.957512797293745,31.018396270232085
202.30565137109483,74.45597755056916,192.84750038773504,18.098098579146363,31.144624552400366
212.80664291451046,42.90430756443357,238.5607173663215,39.35284520226132,73.01286025187676
622.0375184176456,53.22454253729755,310.26044297633246,15.300883971115077,39.51494088502058
203.75144252827286,53.27455187822459,233.35033170298055,12.7260439718615,53.03702377084863
132.37652030625654,90.7123882482885,139.99307556217215,13.203649656125329,58.711563560995835
265.1684549272043,93.20645462358411,254.89565825922725,32.90818060504654,15.887028620372574
143.65949939832137,66.58802277086123,235.60855822301693,22.2256189726631,60.053827724117816
299.7262099352081,65.32776183433411,318.52289346764564,15.389586593797668,20.553044851141088
249.1846083078242,68.15072995443423,250.20627052235162,21.297440636038342,34.571295141949484
162.07535624815225,61.56723628706142,418.9836458984619,13.475527729494404,41.611313237673365
153.16736758496054,232.57937010190207,410.58760893555757,42.28479984024839,35.108589920353886
59.09810341364716,82.68667060258934,318.77408608159453,15.438523252730665,37.33999154326105
190.3183945204118,55.086972884699605,240.09256493757405,16.727742122951806,27.690485001253094
192.78033861729705,48.6659852999224,199.76208226197443,26.947703271589603,31.039767425883287
326.8424116403388,59.7818798381583,300.9609153452463,17.762047259793555,17.13602119402886
210.1036380788281,48.120395250653495,126.76505021346644,10.410889967989167,9.775987653584904
206.94435225572033,80.17963492497229,132.1179718787313,17.531311086901315,64.96830568425823
273.2323828569404,73.93672772870747,262.188413230041,14.235751890440277,50.7694749020616
109.47313156281776,38.55437940635467,256.56384268686844,31.425404012230647,27.814181128794733
45.994530632847436,59.8553631476563,195.07293653504823,26.3381053610271,28.524856274822838
130.75889827108375,89.76283546385675,167.81444028386633,10.120313751928423,27.126800614297167
94.41905523622322,155.583820010462,252.70836760509,45.30829750368975,23.88777666885372
168.7723544010959,68.20873874807205,310.57217460021633,21.31287645782326,16.354925487033366
578.5922349003731,103.88585285770189,179.42672962221582,21.269234599519795,24.31753482411409
276.3349146392387,85.13502404724198,218.76854124092466,32.183565818626505,30.743890150230143
160.2195519082581,41.2859080726049,343.7727026464973,14.898547229579188,22.413491117831065
221.74760197677926,25.34607409761567,241.23749081613252,25.500097355776592,37.221321236393784
155.13472233624384,92.11170453986514,480.91265496628944,10.172076355468706,53.66480796498732
277.70459030106076,97.15010652314244,160.15197292093708,13.901490514613924,39.69862784494914
356.7795221711597,39.41880630910211,175.3994993612863,24.960984828422447,13.07494399759404
147.26922786378333,82.746205154124,436.5346734935724,26.194898767352576,83.78424191612356
239.51229815304816,48.81423913627904,201.48006695749802,21.581099902815907,21.43816656240238
246.4456372588091,106.37348944483453,348.586897226198,16.772793387997172,91.3456348652914
249.1064134232979,22.945320127368444,190.69437202330082,30.52753360695155,30.080730111943428
388.1135619280108,35.468688812583544,423.1416420475543,13.250954962455404,49.473058296835234
187.73811344544296,33.600798451793494,464.85458398638417,10.902786062326076,18.717578199790275
102.4887351349403,50.29500621627066,214.97089199439054,10.01376429279372,32.18408119917973
175.20340057451494,60.15907839707345,195.45752892174198,22.253810787075953,27.259681817120935
612.5434095548223,41.77564161053835,387.36124533039987,23.449962889527672,19.138135513059986
156.83561345863865,82.46320919928296,99.72506554959554,21.3184466377148,27.991526137522257
291.62311233270066,60.779286727113146,140.66821409531534,25.92875301150684,23.452152232916916
270.1226628963775,39.678874036471605,133.83144059462737,17.91083801054679,48.235534334497174
124.26861465546999,151.89195892838617,166.524724155717,37.55094608219756,64.51839201820464
138.74489228457293,33.65393490956672,321.65174373996325,14.16113429664239,54.27204096209888
156.61327494569625,55.696614325867834,298.4550386310727,8.739155003014654,51.19012682087717
369.332559930667,28.61151345745203,430.12329277539897,24.14593624368886,62.77754977737267
227.36910510053437,27.669620010304538,489.63366794101756,24.783987933904,14.355202016827162
131.50257549022012,65.52656183327178,328.7034880283182,18.793695527191026,29.39510972070331
352.7664842244196,111.70271637768963,249.4467628621123,20.59828488129039,21.75443995101041
158.4456981596071,80.78176139641481,230.0147500429259,19.628965518338696,20.138626154398096
177.34844386200368,60.90200603979352,114.50265522671695,15.944326454279073,28.679536248074125
225.0927786361175,35.612128762919305,210.87683076464245,17.667014076572904,36.968846831059594
230.82855364129628,58.20922734343606,398.9808701347132,16.869651892463533,52.467980631354145
133.1382941808679,61.8338737491278,143.93489731795358,16.268022638724645,19.71505586878969
118.69991684980046,62.114191047081405,254.06838731146726,10.346323191510834,17.10155199492205
369.83361369023044,123.28602783845385,154.38193045235064,10.984936825023928,29.032014412078624
84.19883720423587,36.108149576656395,323.0374536038004,16.50805881774351,34.36085457825537
130.49094207411233,46.90535402756556,287.6165854395442,24.74935475078056,21.837571862019033
334.30064830602083,58.48930183459224,383.11555825626937,21.451849407092638,45.48546300405386
255.44661365530501,58.97096162537546,201.70549743160652,17.80701058149442,32.967377693034095
113.19545799331051,57.73768694159709,178.53562116027084,35.16085835306406,46.70681533126856
145.60295252485548,60.654755537743036,202.2694773690764,34.56911194317815,22.42563199379534
195.00638936260285,37.55008529696913,168.96819422452754,7.11028172337753,30.234996014006544
126.7708596429548,29.315523654575156,469.65734836135357,29.218567216000846,28.883340039644665
270.535430308196,58.33061222335374,157.56181433320904,34.013932050362676,26.850517528739218
128.87336424781094,77.0449535141735,305.5366951643366,30.333462708681903,35.99164368603367
328.74264717474506,35.75090741602094,571.4137936478209,19.1433277032761,23.908508723043393
535.2412370439237,50.15626087253651,244.8694714544463,25.28429420585463,35.992904604741376
272.84921111817,53.43160986313506,199.8198352811405,17.152591032782293,24.712148326303307
283.47432410698644,128.17574514712172,226.56941486840287,11.913691321922403,15.028262667432505
450.26315073210134,42.893829587173926,348.97632435936896,17.986269589385785,31.158162935756685
196.62602271936825,182.74368751847737,247.94897674536998,15.083177360073458,16.23342810362233
114.91437518653119,70.85086634611815,119.1968217436585,32.7054255980393,55.233180787224065
251.60752878359926,61.221237336520765,249.31490172606067,22.04678265598615,27.6034155433986
99.04878926878234,112.28173446395705,435.6677072444393,31.667233039935343,41.364001295731526
106.277611598437,26.960851286236764,180.23541499851518,24.123493997448456,17.648773204973793
364.56569219407424,63.614727400273836,190.48511430093953,18.009161492446108,20.30526756106708
154.72965173936004,60.76651860077782,453.27348732264124,23.07570126737262,24.249732098596493
260.78280833197806,103.92264959835778,318.9728272638122,31.21277420126068,59.55087344209919
206.67286999040604,48.58114588570271,180.10539746577638,12.589676584640678,8.842597606907232
224.37446800849804,82.074144598794,363.2450241236065,20.37841773169586,16.595236811983227
116.28158652427832,40.328280414850866,122.01233883337908,16.91540727816342,20.460113062819772
138.30466760448869,81.57230500049448,486.54639017582315,33.4245848254466,44.30723084997522
231.57805308915604,66.0841489661859,394.1183056170455,33.56379838198543,35.12991579765562
259.3869206471643,110.59719230871097,166.82183751831192,16.173258720917804,43.51506153457215
96.00368338648384,54.759141434562345,224.27708208108723,21.282586012401683,25.315565694690992
271.77344750416165,45.86079003853204,301.85049329127054,11.442071235832202,26.285424672702074
160.76091751840798,58.9732299447305,424.46037510454994,17.644514790361516,12.680329592558984
435.8984251553307,35.69918289918317,219.42331662866331,19.965492417032934,15.496243183108513
299.7125584964369,56.1093268617198,193.70607128694175,11.150396746369204,32.440608153942144
176.47025977051314,30.756700919989274,306.99694142279424,17.872854699001024,33.25348288390253
252.3486217627077,144.07166507334696,253.65011357163365,19.798525578891983,37.4396553827543
377.1762567220965,64.0016248596227,253.18259325484152,23.129867551611948,22.033874549502524
199.69203899740978,80.29550097693841,191.97057058060665,33.708665285149195,30.4357440982643
63.22903530206589,49.864158295351565,124.09739732536194,19.491856604633824,84.56316115292448
156.4617785872364,63.90235665927777,235.97169463082605,15.385654703090633,61.405498086194385
245.97379251164628,38.406207660054726,369.2346701842998,28.90986770975623,43.90475335873145
178.45419995366723,73.47247833085729,285.7339550529064,20.65264544752972,23.779965734258898
421.92526236876716,71.7764162830223,481.0535361301985,35.72030987922271,31.047042924769684
209.65697631116691,37.56124549087324,277.48519437967826,16.552827623684593,23.80933473977021
331.317111106234,82.21671271514771,193.44585023056072,40.78242913311535,44.82092415387309
279.8337165884984,54.443895241285944,152.2444814568643,16.836627872789364,26.118306223066735
87.83683812423985,105.7391989381401,101.71096904267075,10.841483846715308,31.42747734218391
429.0722138681395,81.16951369207942,290.01748099513475,36.32156844834142,56.123318678875236
438.6308513400313,99.8958520672433,236.50225144971586,36.49620496749418,33.598450827590725
243.02145745822395,65.8081184937759,140.30505819626913,19.50942072785902,44.894952068949024
102.48227271835617,32.682680483842596,301.70248277513446,9.870603469206214,46.26228707904552
246.46880854150362,133.4569476488439,169.0115978351079,30.730383439270113,35.309021800140215
299.4170261914734,58.68715245669165,342.93554114325383,21.361311192603996,44.182011536111325
97.20956426021489,65.39335042046767,188.40874164680508,23.118644673537116,23.22435401914225
216.02976397486506,75.70014032173735,189.70467311803552,14.76775761112024,10.57342211566447
267.56958687917853,102.69977962624216,228.29082653169635,13.603004196109259,17.31590068506436
370.96980053700105,42.91277127306857,231.68293691488918,17.92881526605337,10.305818792305953
287.4878306668303,56.64028501380024,171.82964139581577,15.635203260148003,33.759794420704665
392.13895732410066,83.48704585446363,561.1488107109061,17.96272272120969,35.540802798782764
323.7520767533652,32.915018054951915,289.42399399927064,17.62569395621461,37.09391757145236
152.31019951857652,57.340414495616116,192.4382206179917,9.560134054686051,33.260989201547865
102.80342600561288,54.185797444385926,449.8113355781457,25.67494265862303,37.82327630281723
327.0230679571784,134.5522814396074,303.88907417563826,13.390926684384612,17.339030460929102
265.92392127428946,70.3070581876495,335.6248726205144,17.943109681013166,14.7817118987764
241.5700756200519,75.16068484715636,321.8232305563879,12.5677505087665,29.606666754694412
176.2849641939154,210.7996176982674,149.60083969982492,34.84418200233256,31.132181533249394
254.2343839802018,132.2913141442818,310.3614950955203,16.493740906820584,33.09216804617481
117.25976223302489,43.67842780460133,218.15914804612177,24.678100878711735,64.97932339772082
419.5830577396515,90.43163955019087,159.6795404248865,7.738654163047486,23.06711049578977
146.27782866814954,54.346960068280104,191.74207093352715,9.581501308922041,33.501090107619405
126.85828322138184,63.59674005211908,277.3134587423403,20.798294268042333,40.969083055376146
395.49154952645017,67.08260645408902,415.6533313298157,37.84831636483212,34.17780954850779
126.47636329776067,188.38595137328596,240.71089211292403,19.7725879227951,15.896671798536614
206.9321034676354,39.58461459371455,209.8663713612274,16.481169058830616,42.6749636907508
233.79565742297146,140.73281785147043,338.84774989339354,10.10967372419832,48.41779541018715
173.30369410675428,45.44519196680634,172.51359225512113,14.13321414631783,35.277043011012594
168.06510338218433,36.10899694432469,210.9106557875132,12.716711209179598,58.0668519926557
268.2766790086787,90.38467490587537,112.77706291164664,21.45996447052537,20.787388870260386
284.84575135135213,47.79027346581713,403.4964220927745,35.06517360011355,36.974871593372
126.65555838808277,43.32787128173273,185.5319192980926,35.63401722664987,31.22063198378038
113.19078918201647,40.5712115306417,190.58188251779484,18.643971091468167,22.88282337553432
137.3097166959796,60.09043568829574,522.923873141063,10.339247878309617,42.453757130795495
145.59733963289568,117.13087118453772,274.0135866241606,15.866855506284756,38.74796579073544
388.1617523476646,34.47426088522553,156.0280154451009,26.334654419740918,26.049503870465713
204.53872828628528,125.40407536163524,608.0489741261919,55.96541470227335,53.15021495846905
95.57198991548879,87.72717162571917,387.01511634693475,27.129253457333746,36.83640983364096
174.47795187614523,62.214967127414745,291.796254746581,19.49738769309579,54.132407143802695
238.81623086284924,75.06514297947565,274.84700142188717,28.143471977833354,17.07246497250343
93.21693296283114,116.62586201731622,130.38547536144623,21.67531653211668,38.84995216190193
259.6038190273646,67.76227683694101,145.30252425948837,19.60990033868201,39.24849418868918
297.5667563687517,26.12032041404427,254.30636390326984,22.843255781601325,29.3668002745681
550.7563660829813,35.2391749238512,286.48210423413906,10.165807636380396,30.81470688068661
90.05956969802371,33.70533542593632,162.82565589898005,13.047451962548687,22.39615701921309
